,mean,std
roc_auc,0.5086393657659742,0.06344565906357791
balanced_accuracy,0.5072417097302206,0.045884442226043834
average_precision,0.36495803574441665,0.04195930984326599
f1_score,0.347417972189882,0.11219536505838026
