,mean,std
roc_auc,0.49239790500067654,0.046761349772084564
balanced_accuracy,0.5026012988085874,0.038362224137174564
average_precision,0.35269605519972624,0.03792859812569998
f1_score,0.29885266559368545,0.16915539109317745
