,mean,std
roc_auc,0.48436339547726043,0.033266446865802025
balanced_accuracy,0.49647409797404957,0.030793318370425905
average_precision,0.3474784201304587,0.025269324020765208
f1_score,0.270108434708257,0.16592639097577666
